"Source","Target","Route"
"company vehicle\12901284_1533805563583104_6875853539832409429_o.jpg","company\vehicles\12901284_1533805563583104_6875853539832409429_o.jpg","organized"
"company vehicle\12901393_1533805526916441_2072960707534303400_o.jpg","company\vehicles\12901393_1533805526916441_2072960707534303400_o.jpg","organized"
"company vehicle\277677637_379577077509730_8812256990604806774_n.jpg","company\vehicles\277677637_379577077509730_8812256990604806774_n.jpg","organized"
"company vehicle\pixelcut-export.webp","company\vehicles\pixelcut-export.webp","organized"
"emergency plumbing\shharris0117_An_editorial_style_image_of_a_flooded_bathroom_wit_46023b13-03da-4d07-8523-0891357e5618.webp","services\emergency-plumbing\shharris0117_An_editorial_style_image_of_a_flooded_bathroom_wit_46023b13-03da-4d07-8523-0891357e5618.webp","organized"
"emergency plumbing\shharris0117_An_editorial_style_image_of_a_flooded_bathroom_wit_75d3a5c0-c325-4416-80d8-8069b4d3b2f7.webp","services\emergency-plumbing\shharris0117_An_editorial_style_image_of_a_flooded_bathroom_wit_75d3a5c0-c325-4416-80d8-8069b4d3b2f7.webp","organized"
"emergency plumbing\shharris0117_An_editorial_style_image_of_water_gushing_from_und_5cc853ef-f2fa-448b-9471-5e0fcc5cc641.webp","services\emergency-plumbing\shharris0117_An_editorial_style_image_of_water_gushing_from_und_5cc853ef-f2fa-448b-9471-5e0fcc5cc641.webp","organized"
"emergency plumbing\shharris0117_An_editorial_style_image_of_water_gushing_from_und_7f23bfcb-560a-4a41-9f87-735c7adb96e7.webp","services\emergency-plumbing\shharris0117_An_editorial_style_image_of_water_gushing_from_und_7f23bfcb-560a-4a41-9f87-735c7adb96e7.webp","organized"
"emergency plumbing\shharris0117_An_editorial_style_image_of_water_gushing_from_und_9ef3d94c-284d-4538-b7bb-435fb9bdc104.webp","services\emergency-plumbing\shharris0117_An_editorial_style_image_of_water_gushing_from_und_9ef3d94c-284d-4538-b7bb-435fb9bdc104.webp","organized"
"emergency plumbing\shharris0117_editorial-style_image_of_a_water_heater_emergency__0979555b-4101-4053-9c62-e198c32cac1a.webp","services\emergency-plumbing\shharris0117_editorial-style_image_of_a_water_heater_emergency__0979555b-4101-4053-9c62-e198c32cac1a.webp","organized"
"emergency plumbing\shharris0117_editorial-style_image_of_a_water_heater_emergency__68289758-7773-4d13-8fd9-222886cc3528.webp","services\emergency-plumbing\shharris0117_editorial-style_image_of_a_water_heater_emergency__68289758-7773-4d13-8fd9-222886cc3528.webp","organized"
"emergency plumbing\shharris0117_editorial-style_image_of_a_water_heater_emergency__b0b451c3-1b95-4bcb-bec9-86641e02e1e5.webp","services\emergency-plumbing\shharris0117_editorial-style_image_of_a_water_heater_emergency__b0b451c3-1b95-4bcb-bec9-86641e02e1e5.webp","organized"
"emergency plumbing\shharris0117_Editorial-style_image_of_an_overflowing_toilet_in__77c9edd0-8b54-415c-9ac6-53e9f9c3bc5c.webp","services\emergency-plumbing\shharris0117_Editorial-style_image_of_an_overflowing_toilet_in__77c9edd0-8b54-415c-9ac6-53e9f9c3bc5c.webp","organized"
"emergency plumbing\shharris0117_Editorial-style_image_of_an_overflowing_toilet_in__83ef4603-3bd1-48c8-847c-ab985dc4af80.webp","services\emergency-plumbing\shharris0117_Editorial-style_image_of_an_overflowing_toilet_in__83ef4603-3bd1-48c8-847c-ab985dc4af80.webp","organized"
"emergency plumbing\shharris0117_Editorial-style_image_of_an_overflowing_toilet_in__eab2df91-42ee-4265-9f76-96345b9d0132.webp","services\emergency-plumbing\shharris0117_Editorial-style_image_of_an_overflowing_toilet_in__eab2df91-42ee-4265-9f76-96345b9d0132.webp","organized"
"emergency plumbing\shharris0117_Image_A_close-up_photo_of_a_burst_pipe_emphasizing_30ce6443-c56a-49fd-b6db-ff439e2cb0cd.webp","services\emergency-plumbing\shharris0117_Image_A_close-up_photo_of_a_burst_pipe_emphasizing_30ce6443-c56a-49fd-b6db-ff439e2cb0cd.webp","organized"
"emergency plumbing\shharris0117_Image_A_close-up_photo_of_a_burst_pipe_emphasizing_683733c3-5901-4f4c-8aee-ef7637ea83bb.webp","services\emergency-plumbing\shharris0117_Image_A_close-up_photo_of_a_burst_pipe_emphasizing_683733c3-5901-4f4c-8aee-ef7637ea83bb.webp","organized"
"emergency plumbing\shharris0117_Image_A_close-up_photo_of_a_burst_pipe_emphasizing_6e80e5a9-4c04-4d03-a8fa-5f1857b1fcbf.webp","services\emergency-plumbing\shharris0117_Image_A_close-up_photo_of_a_burst_pipe_emphasizing_6e80e5a9-4c04-4d03-a8fa-5f1857b1fcbf.webp","organized"
"emergency plumbing\shharris0117_Image_A_close-up_photo_of_a_burst_pipe_emphasizing_b93a9336-1d5d-4caf-b24e-27f0e3b365e7.webp","services\emergency-plumbing\shharris0117_Image_A_close-up_photo_of_a_burst_pipe_emphasizing_b93a9336-1d5d-4caf-b24e-27f0e3b365e7.webp","organized"
"hero\las-vegas-night-skyline-hero.webp","hero\locations\las-vegas-night-skyline-hero.webp","organized"
"hero\pixelcut-export (27).webp","hero\homepage\pixelcut-export (27).webp","organized"
"hero\pixelcut-export (28).webp","hero\homepage\pixelcut-export (28).webp","organized"
"hero\pixelcut-export (29).webp","hero\homepage\pixelcut-export (29).webp","organized"
"hero\pixelcut-export (32).webp","hero\homepage\pixelcut-export (32).webp","organized"
"hero\pixelcut-export (33).webp","hero\homepage\pixelcut-export (33).webp","organized"
"hero\pixelcut-export (34).webp","hero\homepage\pixelcut-export (34).webp","organized"
"hero\pixelcut-export (35).webp","hero\homepage\pixelcut-export (35).webp","organized"
"hero\pixelcut-export (36).webp","hero\homepage\pixelcut-export (36).webp","organized"
"hero\pixelcut-export (37).webp","hero\homepage\pixelcut-export (37).webp","organized"
"hero\pixelcut-export (38).webp","hero\homepage\pixelcut-export (38).webp","organized"
"hero\pixelcut-export (39).webp","hero\homepage\pixelcut-export (39).webp","organized"
"hero\pixelcut-export (40).webp","hero\homepage\pixelcut-export (40).webp","organized"
"hero\pixelcut-export (41).webp","hero\homepage\pixelcut-export (41).webp","organized"
"hero\pixelcut-export (42).webp","hero\homepage\pixelcut-export (42).webp","organized"
"hero\pixelcut-export (44).webp","hero\homepage\pixelcut-export (44).webp","organized"
"hero\pixelcut-export (45).webp","hero\homepage\pixelcut-export (45).webp","organized"
"hero\pixelcut-export (46).webp","hero\homepage\pixelcut-export (46).webp","organized"
"hero\pixelcut-export (47).webp","hero\homepage\pixelcut-export (47).webp","organized"
"hero\pixelcut-export (49).webp","hero\homepage\pixelcut-export (49).webp","organized"
"hero\plumber-hero-1.jpg","hero\homepage\plumber-hero-1.jpg","organized"
"hero\plumber-hero-2.webp","hero\homepage\plumber-hero-2.webp","organized"
"hero\plumber-hero-3.webp","hero\homepage\plumber-hero-3.webp","organized"
"hero\plumber-hero-4.webp","hero\homepage\plumber-hero-4.webp","organized"
"hero\plumber-hero-5.webp","hero\homepage\plumber-hero-5.webp","organized"
"locations\Henderson,_NV_-_District1.jpg","locations\henderson\Henderson,_NV_-_District1.jpg","organized"
"locations\Las_Vegas_Spring_Valley_1.jpg","locations\spring-valley\Las_Vegas_Spring_Valley_1.jpg","organized"
"locations\LasVegasBeautifulMontage.jpg","locations\las-vegas\LasVegasBeautifulMontage.jpg","organized"
"locations\shharris0117_Editorial-style_aerial_photo_capturing_the_area_ne_2ffdbbae-091d-4892-91f4-fdd1d1674b1a (1).webp","locations\las-vegas\shharris0117_Editorial-style_aerial_photo_capturing_the_area_ne_2ffdbbae-091d-4892-91f4-fdd1d1674b1a (1).webp","organized"
"locations\shharris0117_Editorial-style_aerial_photo_capturing_the_area_ne_fbfbeede-37f6-44da-99f0-beb008369070.webp","locations\las-vegas\shharris0117_Editorial-style_aerial_photo_capturing_the_area_ne_fbfbeede-37f6-44da-99f0-beb008369070.webp","organized"
"locations\shharris0117_Editorial-style_aerial_photo_capturing_the_vast_an_b38a25f8-d70f-430f-9d6b-9e7a617d947a.webp","locations\las-vegas\shharris0117_Editorial-style_aerial_photo_capturing_the_vast_an_b38a25f8-d70f-430f-9d6b-9e7a617d947a.webp","organized"
"locations\shharris0117_Editorial-style_aerial_shot_of_the_Las_Vegas_NV_sk_4ca974be-9288-4d5c-84c6-2531b099d9bc.webp","locations\las-vegas\shharris0117_Editorial-style_aerial_shot_of_the_Las_Vegas_NV_sk_4ca974be-9288-4d5c-84c6-2531b099d9bc.webp","organized"
"locations\shharris0117_Editorial-style_image_featuring_the_iconic_Welcome_e8c14efd-06d0-47a2-ae0a-becec30af95a.webp","locations\las-vegas\shharris0117_Editorial-style_image_featuring_the_iconic_Welcome_e8c14efd-06d0-47a2-ae0a-becec30af95a.webp","organized"
"locations\SummerlinEntrance.jpg","locations\summerlin\SummerlinEntrance.jpg","organized"
"locations\The_Ridges_in_Summerlin.jpg","locations\summerlin\The_Ridges_in_Summerlin.jpg","organized"
"locations\View_of_Las_Vegas'_strip_from_the_helicopter.jpg","locations\las-vegas\View_of_Las_Vegas'_strip_from_the_helicopter.jpg","organized"
"logo\Logo.png","brand\logo\Logo.png","organized"
"logo\Red Carpet Plumbing  Transparent Logo  Las Vegas Plumbing Experts  Trenchless Piping & Leak Detection.png","brand\logo\Red Carpet Plumbing  Transparent Logo  Las Vegas Plumbing Experts  Trenchless Piping & Leak Detection.png","organized"
"logo\Red Carpet Plumbing logo-trimmed.png","brand\logo\Red Carpet Plumbing logo-trimmed.png","organized"
"Red Carpet Plumbing Discount.jpg","brand\social\Red Carpet Plumbing Discount.jpg","organized"
"services\24-7-emergency-plumbing.webp","services\emergency-plumbing\24-7-emergency-plumbing.webp","organized"
"services\Backflow Prevention Services\Backflow Preventer Installation  Red Carpet Plumbing Las Vegas, NV.webp","services\backflow-prevention\Backflow Preventer Installation  Red Carpet Plumbing Las Vegas, NV.webp","organized"
"services\Backflow Prevention Services\Backflow Prevention Device Installation  Professional Plumbing Services  Red Carpet Plumbing Las Vegas.webp","services\backflow-prevention\Backflow Prevention Device Installation  Professional Plumbing Services  Red Carpet Plumbing Las Vegas.webp","organized"
"services\Backflow Prevention Services\Contaminated Water from Backflow  Backflow Preventer Services  Red Carpet Plumbing Las Vegas.webp","services\backflow-prevention\Contaminated Water from Backflow  Backflow Preventer Services  Red Carpet Plumbing Las Vegas.webp","organized"
"services\Backflow Prevention Services\Customer Satisfaction with Backflow Prevention Service  Red Carpet Plumbing Las Vegas.webp","services\backflow-prevention\Customer Satisfaction with Backflow Prevention Service  Red Carpet Plumbing Las Vegas.webp","organized"
"services\Backflow Prevention Services\Different Types of Backflow Preventers  RPZ, DCVA, and More  Red Carpet Plumbing Las Vegas.webp","services\backflow-prevention\Different Types of Backflow Preventers  RPZ, DCVA, and More  Red Carpet Plumbing Las Vegas.webp","organized"
"services\Backflow Prevention Services\Range of Backflow Preventer Devices  RPZ, Double Check Valves  Red Carpet Plumbing Las Vegas.webp","services\backflow-prevention\Range of Backflow Preventer Devices  RPZ, Double Check Valves  Red Carpet Plumbing Las Vegas.webp","organized"
"services\backflow-prevention-services.webp","duplicates-review\backflow-prevention-services.webp","duplicates-review (planned)"
"services\Drain Cleaning Services\Comprehensive Drain Cleaning Methods  Snaking, Hydro Jetting, Enzymatic  Red Carpet Plumbing Las Vegas.webp","services\drain-cleaning\Comprehensive Drain Cleaning Methods  Snaking, Hydro Jetting, Enzymatic  Red Carpet Plumbing Las Vegas.webp","organized"
"services\Drain Cleaning Services\Hydro Jetting in Action  Tough Drain Clog Removal  Red Carpet Plumbing Las Vegas.webp","services\drain-cleaning\Hydro Jetting in Action  Tough Drain Clog Removal  Red Carpet Plumbing Las Vegas.webp","organized"
"services\Drain Cleaning Services\Professional Drain Cleaning Tools  Comprehensive Services  Red Carpet Plumbing Las Vegas.webp","services\drain-cleaning\Professional Drain Cleaning Tools  Comprehensive Services  Red Carpet Plumbing Las Vegas.webp","organized"
"services\Drain Cleaning Services\Professional Plumbing Team  Certified Plumbers  Red Carpet Plumbing Las Vegas.webp","services\drain-cleaning\Professional Plumbing Team  Certified Plumbers  Red Carpet Plumbing Las Vegas.webp","organized"
"services\Drain Cleaning Services\Slow Draining Sink Repair  Drain Blockage Services  Red Carpet Plumbing Las Vegas.webp","services\drain-cleaning\Slow Draining Sink Repair  Drain Blockage Services  Red Carpet Plumbing Las Vegas.webp","organized"
"services\Drain Cleaning Services\Spotless Drains After Professional Cleaning  Red Carpet Plumbing Las Vegas (2).webp","services\drain-cleaning\Spotless Drains After Professional Cleaning  Red Carpet Plumbing Las Vegas (2).webp","organized"
"services\drain-cleaning-clog-removal.webp","duplicates-review\drain-cleaning-clog-removal.webp","duplicates-review (planned)"
"services\Emergency Plumbing\Emergency Plumbing Tools & Equipment  Prepared for Plumbing Emergencies  Red Carpet Plumbing Las Vegas.webp","services\emergency-plumbing\Emergency Plumbing Tools & Equipment  Prepared for Plumbing Emergencies  Red Carpet Plumbing Las Vegas.webp","organized"
"services\Emergency Plumbing\Expert Plumbing Diagnosis & Emergency Inspection  Red Carpet Plumbing Las Vegas.webp","services\emergency-plumbing\Expert Plumbing Diagnosis & Emergency Inspection  Red Carpet Plumbing Las Vegas.webp","organized"
"services\Emergency Plumbing\Happy Customers After Emergency Plumbing Service  Red Carpet Plumbing Las Vegas.webp","services\emergency-plumbing\Happy Customers After Emergency Plumbing Service  Red Carpet Plumbing Las Vegas.webp","organized"
"services\Emergency Plumbing\On-Site Plumbing Assessment  Professional Problem-Solving  Red Carpet Plumbing Las Vegas.webp","services\emergency-plumbing\On-Site Plumbing Assessment  Professional Problem-Solving  Red Carpet Plumbing Las Vegas.webp","organized"
"services\Emergency Plumbing\Water Heater Leak Repair  Emergency Plumbing Services  Red Carpet Plumbing Las Vegas.webp","duplicates-review\Water Heater Leak Repair  Emergency Plumbing Services  Red Carpet Plumbing Las Vegas.webp","duplicates-review (planned)"
"services\faucet-sink-repair-replacement-installation.webp","services\faucet-sink-repair-installation\faucet-sink-repair-replacement-installation.webp","organized"
"services\Garbage Disposal\Different Garbage Disposal Models for Repair & Installation  Red Carpet Plumbing Las Vegas.webp","services\garbage-disposal-repair-installation\Different Garbage Disposal Models for Repair & Installation  Red Carpet Plumbing Las Vegas.webp","organized"
"services\Garbage Disposal\Leaking Garbage Disposal Repair  Emergency Plumbing Service  Red Carpet Plumbing Las Vegas.webp","services\garbage-disposal-repair-installation\Leaking Garbage Disposal Repair  Emergency Plumbing Service  Red Carpet Plumbing Las Vegas.webp","organized"
"services\Garbage Disposal\Licensed Plumber Installing Garbage Disposal  Professional Service  Red Carpet Plumbing Las Vegas.webp","services\garbage-disposal-repair-installation\Licensed Plumber Installing Garbage Disposal  Professional Service  Red Carpet Plumbing Las Vegas.webp","organized"
"services\Garbage Disposal\Modern Garbage Disposal Installation  Aesthetic & Functional  Red Carpet Plumbing Las Vegas.webp","services\garbage-disposal-repair-installation\Modern Garbage Disposal Installation  Aesthetic & Functional  Red Carpet Plumbing Las Vegas.webp","organized"
"services\Garbage Disposal\Modern Garbage Disposal Unit  Efficient & Durable  Red Carpet Plumbing Las Vegas.webp","services\garbage-disposal-repair-installation\Modern Garbage Disposal Unit  Efficient & Durable  Red Carpet Plumbing Las Vegas.webp","organized"
"services\Garbage Disposal\Professional Garbage Disposal Installation  Red Carpet Plumbing Las Vegas.webp","services\garbage-disposal-repair-installation\Professional Garbage Disposal Installation  Red Carpet Plumbing Las Vegas.webp","organized"
"services\garbage-disposal-services.webp","duplicates-review\garbage-disposal-services.webp","duplicates-review (planned)"
"services\Natural Gas\Certified Plumber Working on Gas Line Installation  Red Carpet Plumbing Las Vegas.webp","services\gas-line-plumbing\Certified Plumber Working on Gas Line Installation  Red Carpet Plumbing Las Vegas.webp","organized"
"services\Natural Gas\Licensed Plumber Installing Natural Gas Line  Professional Gas Services  Red Carpet Plumbing Las Vegas (1) (1).webp","services\gas-line-plumbing\Licensed Plumber Installing Natural Gas Line  Professional Gas Services  Red Carpet Plumbing Las Vegas (1) (1).webp","organized"
"services\Natural Gas\Natural Gas Meter Installation  Safe & Professional Service  Red Carpet Plumbing Las Vegas.webp","services\gas-line-plumbing\Natural Gas Meter Installation  Safe & Professional Service  Red Carpet Plumbing Las Vegas.webp","organized"
"services\Natural Gas\Professional Gas Line Installation in Progress  Red Carpet Plumbing Las Vegas.webp","services\gas-line-plumbing\Professional Gas Line Installation in Progress  Red Carpet Plumbing Las Vegas.webp","organized"
"services\Natural Gas\Safe Gas Line Installation with Safety Gear  Red Carpet Plumbing Las Vegas.webp","services\gas-line-plumbing\Safe Gas Line Installation with Safety Gear  Red Carpet Plumbing Las Vegas.webp","organized"
"services\natural-gas-line-services.webp","duplicates-review\natural-gas-line-services.webp","duplicates-review (planned)"
"services\Plumbing Fixtures\Plumbing Fixture Installation & Repair  Professional Service  Red Carpet Plumbing Las Vegas.webp","services\plumbing-fixture-repair-replacement-installation\Plumbing Fixture Installation & Repair  Professional Service  Red Carpet Plumbing Las Vegas.webp","organized"
"services\Plumbing Fixtures\shharris0117_Editorial-style_close-up_image_of_a_faucet_with_wa_6913427e-9004-4202-8e43-a01e7c47b96a.webp","services\plumbing-fixture-repair-replacement-installation\shharris0117_Editorial-style_close-up_image_of_a_faucet_with_wa_6913427e-9004-4202-8e43-a01e7c47b96a.webp","organized"
"services\Plumbing Fixtures\shharris0117_Editorial-style_image_of_a_professional_plumber_in_240756b5-946e-4aba-bd5c-b8524a046a6a.webp","services\plumbing-fixture-repair-replacement-installation\shharris0117_Editorial-style_image_of_a_professional_plumber_in_240756b5-946e-4aba-bd5c-b8524a046a6a.webp","organized"
"services\Plumbing Fixtures\shharris0117_Editorial-style_image_of_a_professional_plumber_in_2eec825d-42a0-44f2-85b3-3b7b9376ab60.webp","services\plumbing-fixture-repair-replacement-installation\shharris0117_Editorial-style_image_of_a_professional_plumber_in_2eec825d-42a0-44f2-85b3-3b7b9376ab60.webp","organized"
"services\Plumbing Fixtures\shharris0117_Editorial-style_image_of_a_professional_plumber_in_9c33a9be-245e-4706-b586-8ce401581b49.webp","services\plumbing-fixture-repair-replacement-installation\shharris0117_Editorial-style_image_of_a_professional_plumber_in_9c33a9be-245e-4706-b586-8ce401581b49.webp","organized"
"services\Plumbing Fixtures\shharris0117_High-resolution_editorial-style_image_of_a_stylish_da714c6c-1948-48a5-a202-2be349a48659.webp","services\plumbing-fixture-repair-replacement-installation\shharris0117_High-resolution_editorial-style_image_of_a_stylish_da714c6c-1948-48a5-a202-2be349a48659.webp","organized"
"services\re-piping-services.webp","services\re-piping\re-piping-services.webp","organized"
"services\Re-Piping\shharris0117_Editorial-style_photo_of_a_licensed_plumber_in_nav_cc67b215-6cbb-4eb8-8a74-81d82dcac4b3.webp","duplicates-review\shharris0117_Editorial-style_photo_of_a_licensed_plumber_in_nav_cc67b215-6cbb-4eb8-8a74-81d82dcac4b3.webp","duplicates-review (planned)"
"services\Sink Repair Services\Beautiful Kitchen and Bathroom Faucet Installations  Red Carpet Plumbing, Las Vegas.webp","services\faucet-sink-repair-installation\Beautiful Kitchen and Bathroom Faucet Installations  Red Carpet Plumbing, Las Vegas.webp","organized"
"services\Sink Repair Services\Expert Faucet Installation by Red Carpet Plumbing  Las Vegas, NV.webp","services\faucet-sink-repair-installation\Expert Faucet Installation by Red Carpet Plumbing  Las Vegas, NV.webp","organized"
"services\Sink Repair Services\Leaky, Corroded Faucet Repair  Red Carpet Plumbing Las Vegas, NV.webp","services\faucet-sink-repair-installation\Leaky, Corroded Faucet Repair  Red Carpet Plumbing Las Vegas, NV.webp","organized"
"services\Sink Repair Services\Modern Bathroom and Kitchen Faucet Installation  Red Carpet Plumbing Las Vegas, NV.webp","duplicates-review\Modern Bathroom and Kitchen Faucet Installation  Red Carpet Plumbing Las Vegas, NV.webp","duplicates-review (planned)"
"services\Sink Repair Services\Step-by-Step Faucet Installation Process  Red Carpet Plumbing Las Vegas.webp","services\faucet-sink-repair-installation\Step-by-Step Faucet Installation Process  Red Carpet Plumbing Las Vegas.webp","organized"
"services\Sink Repair Services\Trusted Plumbing Services by Red Carpet Plumbing  Las Vegas, NV.webp","services\faucet-sink-repair-installation\Trusted Plumbing Services by Red Carpet Plumbing  Las Vegas, NV.webp","organized"
"services\Slab Leak\shharris0117_Editorial-style_close-up_image_of_advanced_leak_de_7b32d18f-500f-42aa-afe5-59dcfb3f9ba5.webp","services\slab-leak-detection-repair\shharris0117_Editorial-style_close-up_image_of_advanced_leak_de_7b32d18f-500f-42aa-afe5-59dcfb3f9ba5.webp","organized"
"services\Slab Leak\shharris0117_Editorial-style_close-up_image_of_cracks_forming_i_8551c50a-cf54-466b-846b-d264bd63b74c.webp","services\slab-leak-detection-repair\shharris0117_Editorial-style_close-up_image_of_cracks_forming_i_8551c50a-cf54-466b-846b-d264bd63b74c.webp","organized"
"services\Slab Leak\shharris0117_Editorial-style_image_of_a_homes_foundation_with_v_50eeb815-b1ff-4d1a-bbc7-b5145529758e.webp","services\slab-leak-detection-repair\shharris0117_Editorial-style_image_of_a_homes_foundation_with_v_50eeb815-b1ff-4d1a-bbc7-b5145529758e.webp","organized"
"services\Slab Leak\shharris0117_Editorial-style_image_of_a_licensed_plumber_in_a_n_f0b89ad6-3e51-4a8a-ae40-277619031906.webp","services\slab-leak-detection-repair\shharris0117_Editorial-style_image_of_a_licensed_plumber_in_a_n_f0b89ad6-3e51-4a8a-ae40-277619031906.webp","organized"
"services\Slab Leak\shharris0117_Editorial-style_image_of_a_professional_plumber_in_287ee338-c799-4a9c-a302-4168b5141139.webp","services\slab-leak-detection-repair\shharris0117_Editorial-style_image_of_a_professional_plumber_in_287ee338-c799-4a9c-a302-4168b5141139.webp","organized"
"services\Slab Leak\shharris0117_Editorial-style_image_of_a_professional_plumber_in_b5d5e82c-7041-46f7-a5f8-154469a7f21f.webp","services\slab-leak-detection-repair\shharris0117_Editorial-style_image_of_a_professional_plumber_in_b5d5e82c-7041-46f7-a5f8-154469a7f21f.webp","organized"
"services\slab-leak-detection-repair.webp","duplicates-review\slab-leak-detection-repair.webp","duplicates-review (planned)"
"services\Toilet Repair\shharris0117_Editorial-style_close-up_image_of_a_toilet_tank_wi_af4bb7b9-bc81-405f-8c28-fb73138d6c1c.webp","services\toilet-repair-installation\shharris0117_Editorial-style_close-up_image_of_a_toilet_tank_wi_af4bb7b9-bc81-405f-8c28-fb73138d6c1c.webp","organized"
"services\Toilet Repair\shharris0117_Editorial-style_detailed_image_showcasing_various__775fcf64-50db-460e-b320-50872cfb2ce6.webp","services\toilet-repair-installation\shharris0117_Editorial-style_detailed_image_showcasing_various__775fcf64-50db-460e-b320-50872cfb2ce6.webp","organized"
"services\Toilet Repair\shharris0117_Editorial-style_image_of_a_professional_plumber_in_780476fb-1474-4f79-bbba-6e926be608b6.webp","services\toilet-repair-installation\shharris0117_Editorial-style_image_of_a_professional_plumber_in_780476fb-1474-4f79-bbba-6e926be608b6.webp","organized"
"services\Toilet Repair\shharris0117_Editorial-style_image_of_a_professional_plumber_in_931a9fe1-dd82-4fe1-be43-0244f66d108e.webp","duplicates-review\shharris0117_Editorial-style_image_of_a_professional_plumber_in_931a9fe1-dd82-4fe1-be43-0244f66d108e.webp","duplicates-review (planned)"
"services\Toilet Repair\shharris0117_Editorial-style_image_of_a_professional_plumber_in_d2cd0e28-77ad-4241-acdd-0243ce0bb5fc.webp","services\toilet-repair-installation\shharris0117_Editorial-style_image_of_a_professional_plumber_in_d2cd0e28-77ad-4241-acdd-0243ce0bb5fc.webp","organized"
"services\Toilet Repair\shharris0117_Editorial-style_image_of_a_stylish_modern_toilet_i_8b240458-6703-4bcd-a29c-e6d4cb8957f0.webp","services\toilet-repair-installation\shharris0117_Editorial-style_image_of_a_stylish_modern_toilet_i_8b240458-6703-4bcd-a29c-e6d4cb8957f0.webp","organized"
"services\toilet-repair-installation.webp","duplicates-review\toilet-repair-installation.webp","duplicates-review (planned)"
"services\Trenchless Piping\shharris0117_Editorial-style_action_shot_of_the_pipe_bursting_m_7d06f03d-2eb3-4fb9-9eab-ebdccad5fe1d.webp","services\trenchless-piping\shharris0117_Editorial-style_action_shot_of_the_pipe_bursting_m_7d06f03d-2eb3-4fb9-9eab-ebdccad5fe1d.webp","organized"
"services\Trenchless Piping\shharris0117_Editorial-style_image_of_a_licensed_plumber_in_a_n_6ddd73b4-afde-4746-8abd-b4772600fc37.webp","services\trenchless-piping\shharris0117_Editorial-style_image_of_a_licensed_plumber_in_a_n_6ddd73b4-afde-4746-8abd-b4772600fc37.webp","organized"
"services\Trenchless Piping\shharris0117_Editorial-style_image_of_a_professional_plumber_in_0eb26fea-6e37-4e18-a6d6-78d5be7dfd59.webp","services\trenchless-piping\shharris0117_Editorial-style_image_of_a_professional_plumber_in_0eb26fea-6e37-4e18-a6d6-78d5be7dfd59.webp","organized"
"services\Trenchless Piping\shharris0117_Editorial-style_image_of_a_satisfied_family_standi_ca8ed04c-0149-4edc-9185-4866e8d610fa.webp","services\trenchless-piping\shharris0117_Editorial-style_image_of_a_satisfied_family_standi_ca8ed04c-0149-4edc-9185-4866e8d610fa.webp","organized"
"services\Trenchless Piping\shharris0117_Editorial-style_image_of_a_small_excavation_site_i_69bb8c5a-fdeb-4461-bf94-d452cbd1262f (1) (1).webp","services\trenchless-piping\shharris0117_Editorial-style_image_of_a_small_excavation_site_i_69bb8c5a-fdeb-4461-bf94-d452cbd1262f (1) (1).webp","organized"
"services\Video Camera Inspection\shharris0117_Editorial-style_image_of_a_clear_view_inside_a_pip_295ebcea-d995-4e50-bcfb-58a724474d69.webp","services\video-camera-plumbing-inspections\shharris0117_Editorial-style_image_of_a_clear_view_inside_a_pip_295ebcea-d995-4e50-bcfb-58a724474d69.webp","organized"
"services\Video Camera Inspection\shharris0117_Editorial-style_image_of_a_licensed_plumber_in_a_n_50f0248d-770a-4df7-8ef4-d9c7f614f3b0.webp","services\video-camera-plumbing-inspections\shharris0117_Editorial-style_image_of_a_licensed_plumber_in_a_n_50f0248d-770a-4df7-8ef4-d9c7f614f3b0.webp","organized"
"services\Video Camera Inspection\shharris0117_Editorial-style_image_of_a_professional_plumber_in_2c7976fd-8dce-481e-9415-ace9884cd9f0.webp","duplicates-review\shharris0117_Editorial-style_image_of_a_professional_plumber_in_2c7976fd-8dce-481e-9415-ace9884cd9f0.webp","duplicates-review (planned)"
"services\Video Camera Inspection\shharris0117_Editorial-style_image_of_a_professional_plumber_in_35ee85c6-8a18-4137-987c-e05bde7a5419.webp","duplicates-review\shharris0117_Editorial-style_image_of_a_professional_plumber_in_35ee85c6-8a18-4137-987c-e05bde7a5419.webp","duplicates-review (planned)"
"services\Video Camera Inspection\shharris0117_High-resolution_editorial-style_image_of_a_license_9f02cebf-186d-454d-b6bf-bd82b6fc18c3 (1).webp","services\video-camera-plumbing-inspections\shharris0117_High-resolution_editorial-style_image_of_a_license_9f02cebf-186d-454d-b6bf-bd82b6fc18c3 (1).webp","organized"
"services\video-camera-plumbing-inspections.webp","duplicates-review\video-camera-plumbing-inspections.webp","duplicates-review (planned)"
"services\Water Heater Services\Expert Water Heater Installation  Red Carpet Plumbing Las Vegas, NV.webp","services\water-heater-repair-installation\Expert Water Heater Installation  Red Carpet Plumbing Las Vegas, NV.webp","organized"
"services\Water Heater Services\Leaky Water Heater Repair  Red Carpet Plumbing Las Vegas, NV.webp","services\water-heater-repair-installation\Leaky Water Heater Repair  Red Carpet Plumbing Las Vegas, NV.webp","organized"
"services\Water Heater Services\Modern Water Heater Installation  Energy Efficient Plumbing  Red Carpet Plumbing Las Vegas_enhanced_enhanced.png","services\water-heater-repair-installation\Modern Water Heater Installation  Energy Efficient Plumbing  Red Carpet Plumbing Las Vegas_enhanced_enhanced.png","organized"
"services\Water Heater Services\Skilled Plumbers at Work  Professional Plumbing Services  Red Carpet Plumbing Las Vegas.webp","services\water-heater-repair-installation\Skilled Plumbers at Work  Professional Plumbing Services  Red Carpet Plumbing Las Vegas.webp","organized"
"services\Water Heater Services\Types of Water Heaters  Installation Services  Red Carpet Plumbing Las Vegas, NV.webp","services\water-heater-repair-installation\Types of Water Heaters  Installation Services  Red Carpet Plumbing Las Vegas, NV.webp","organized"
"services\Water Heater Services\Water Heater Repair Tools  Professional Plumbing Services  Red Carpet Plumbing Las Vegas.webp","services\water-heater-repair-installation\Water Heater Repair Tools  Professional Plumbing Services  Red Carpet Plumbing Las Vegas.webp","organized"
"services\Water Leak and Clog\shharris0117_Editorial-style_image_of_a_licensed_plumber_in_a_n_b936e585-8508-4548-925d-086a98066ed9 (1) (1).webp","services\leak-detection-repair\shharris0117_Editorial-style_image_of_a_licensed_plumber_in_a_n_b936e585-8508-4548-925d-086a98066ed9 (1) (1).webp","organized"
"services\Water Leak and Clog\shharris0117_Editorial-style_image_of_a_professional_plumber_in_69719a35-087f-48e0-8eb5-abd19febbbc0.webp","services\leak-detection-repair\shharris0117_Editorial-style_image_of_a_professional_plumber_in_69719a35-087f-48e0-8eb5-abd19febbbc0.webp","organized"
"services\Water Leak and Clog\shharris0117_Editorial-style_image_of_a_professional_plumber_in_6f3f529a-fe67-4a03-92fa-33ccc122c63c.webp","services\leak-detection-repair\shharris0117_Editorial-style_image_of_a_professional_plumber_in_6f3f529a-fe67-4a03-92fa-33ccc122c63c.webp","organized"
"services\Water Leak and Clog\shharris0117_Editorial-style_image_of_damp_spots_visible_on_wal_3580f10c-bb19-496d-aeac-ef03364d0397.webp","services\leak-detection-repair\shharris0117_Editorial-style_image_of_damp_spots_visible_on_wal_3580f10c-bb19-496d-aeac-ef03364d0397.webp","organized"
"services\Water Leak and Clog\shharris0117_Editorial-style_image_showcasing_advanced_leak_det_7534aa8c-5a8e-482f-bdd4-793341d9612c.webp","services\leak-detection-repair\shharris0117_Editorial-style_image_showcasing_advanced_leak_det_7534aa8c-5a8e-482f-bdd4-793341d9612c.webp","organized"
"services\Water Leak and Clog\shharris0117_High-resolution_editorial-style_image_of_a_profess_ec57a48a-0498-4971-8f66-e1732b0af135 (1).jpg","duplicates-review\shharris0117_High-resolution_editorial-style_image_of_a_profess_ec57a48a-0498-4971-8f66-e1732b0af135 (1).jpg","duplicates-review (planned)"
"services\Water Meter\shharris0117_Close-up_editorial-style_image_of_a_professional_p_692ed471-1d95-47b2-9a58-a6919894ac18.webp","services\water-meter-pressure-regulator-services\shharris0117_Close-up_editorial-style_image_of_a_professional_p_692ed471-1d95-47b2-9a58-a6919894ac18.webp","organized"
"services\Water Meter\shharris0117_Editorial-style_image_illustrating_the_water_hamme_47e267c1-b265-4e73-bea2-c2213a622c47.webp","services\water-meter-pressure-regulator-services\shharris0117_Editorial-style_image_illustrating_the_water_hamme_47e267c1-b265-4e73-bea2-c2213a622c47.webp","organized"
"services\Water Meter\shharris0117_Editorial-style_image_of_a_licensed_technician_fro_f969f25c-d3fb-4e2f-94e9-3111200778c2.webp","services\water-meter-pressure-regulator-services\shharris0117_Editorial-style_image_of_a_licensed_technician_fro_f969f25c-d3fb-4e2f-94e9-3111200778c2.webp","organized"
"services\Water Meter\shharris0117_Editorial-style_image_of_a_professional_plumber_in_2e74496f-5888-46a4-abce-ca4c3e577e6d.webp","services\water-meter-pressure-regulator-services\shharris0117_Editorial-style_image_of_a_professional_plumber_in_2e74496f-5888-46a4-abce-ca4c3e577e6d.webp","organized"
"services\Water Meter\shharris0117_Editorial-style_image_of_a_technician_in_a_navy_bl_c15bd05c-1156-4516-a504-86c66ab3d4b0.webp","services\water-meter-pressure-regulator-services\shharris0117_Editorial-style_image_of_a_technician_in_a_navy_bl_c15bd05c-1156-4516-a504-86c66ab3d4b0.webp","organized"
"services\Water Meter\shharris0117_Editorial-style_image_of_a_technician_in_a_navy_bl_d8a714c1-ffac-44e6-a10f-600fc1766158.webp","services\water-meter-pressure-regulator-services\shharris0117_Editorial-style_image_of_a_technician_in_a_navy_bl_d8a714c1-ffac-44e6-a10f-600fc1766158.webp","organized"
"services\Water Meter\shharris0117_Editorial-style_image_showcasing_water_conservatio_333da796-8fee-41d1-8ca7-dab79b795ecd.webp","services\water-meter-pressure-regulator-services\shharris0117_Editorial-style_image_showcasing_water_conservatio_333da796-8fee-41d1-8ca7-dab79b795ecd.webp","organized"
"services\Water Meter\shharris0117_High-resolution_editorial-style_image_of_a_license_d731b012-8b7e-4a35-8d75-75872bf78a40 (1) (1).webp","services\water-meter-pressure-regulator-services\shharris0117_High-resolution_editorial-style_image_of_a_license_d731b012-8b7e-4a35-8d75-75872bf78a40 (1) (1).webp","organized"
"services\Water Pipe\shharris0117_Editorial-style_close-up_image_of_high-quality_pip_f90a1471-a919-493b-b182-8a8d8e81d0e3.webp","services\water-pipe-repair-replacement\shharris0117_Editorial-style_close-up_image_of_high-quality_pip_f90a1471-a919-493b-b182-8a8d8e81d0e3.webp","organized"
"services\Water Pipe\shharris0117_Editorial-style_close-up_image_of_water_damage_vis_fe3d275b-4270-44cf-9b36-d0774728d6ee.webp","services\water-pipe-repair-replacement\shharris0117_Editorial-style_close-up_image_of_water_damage_vis_fe3d275b-4270-44cf-9b36-d0774728d6ee.webp","organized"
"services\Water Pipe\shharris0117_Editorial-style_high-resolution_image_of_a_profess_10a3ec07-eabb-4093-b5f6-e012e40e5f3b (1) (1).webp","services\water-pipe-repair-replacement\shharris0117_Editorial-style_high-resolution_image_of_a_profess_10a3ec07-eabb-4093-b5f6-e012e40e5f3b (1) (1).webp","organized"
"services\Water Pipe\shharris0117_Editorial-style_image_of_a_professional_plumber_in_0b7a229e-244b-4bd3-b7ad-8ac5b329cbe6.webp","duplicates-review\shharris0117_Editorial-style_image_of_a_professional_plumber_in_0b7a229e-244b-4bd3-b7ad-8ac5b329cbe6.webp","duplicates-review (planned)"
"services\Water Pipe\shharris0117_Editorial-style_image_of_a_professional_plumber_in_915cb2b4-4751-4c7e-97c0-c0e526f10721.webp","services\water-pipe-repair-replacement\shharris0117_Editorial-style_image_of_a_professional_plumber_in_915cb2b4-4751-4c7e-97c0-c0e526f10721.webp","organized"
"services\Water Pipe\shharris0117_Editorial-style_image_of_a_professional_technician_6a30a0a8-b9b8-4f7f-8776-b45c65f74680.webp","services\water-pipe-repair-replacement\shharris0117_Editorial-style_image_of_a_professional_technician_6a30a0a8-b9b8-4f7f-8776-b45c65f74680.webp","organized"
"services\Water Pipe\shharris0117_Editorial-style_image_showing_a_side-by-side_compa_3a2a19d4-4f08-41ab-87cf-756a4b41fdc6.webp","services\water-pipe-repair-replacement\shharris0117_Editorial-style_image_showing_a_side-by-side_compa_3a2a19d4-4f08-41ab-87cf-756a4b41fdc6.webp","organized"
"services\Water Pipe\shharris0117_Editorial-style_image_showing_the_installation_of__3cf64585-f739-4cee-b247-bf62556055f4.webp","services\water-pipe-repair-replacement\shharris0117_Editorial-style_image_showing_the_installation_of__3cf64585-f739-4cee-b247-bf62556055f4.webp","organized"
"services\water-heater-repair-replacement-installation.webp","duplicates-review\water-heater-repair-replacement-installation.webp","duplicates-review (planned)"
"services\water-leak-clog-troubleshooting.webp","duplicates-review\water-leak-clog-troubleshooting.webp","duplicates-review (planned)"
"services\water-meter-pressure-regulator-services.webp","duplicates-review\water-meter-pressure-regulator-services.webp","duplicates-review (planned)"
"services\water-pipe-repair-replacement-installation.webp","duplicates-review\water-pipe-repair-replacement-installation.webp","duplicates-review (planned)"
